{"cameraMode":{"drawMode":0,"name":"Shaded","section":"Shading Mode"},"sceneLighting":true,"audioPlay":false,"sceneViewState":{"m_AlwaysRefresh":false,"showFog":true,"showSkybox":true,"showFlares":true,"showImageEffects":true,"showParticleSystems":true,"showVisualEffectGraphs":true,"m_FxEnabled":true},"in2DMode":false,"pivot":{"x":0.5328757166862488,"y":0.10772305727005005,"z":1.8831840753555298},"rotation":{"x":-0.03245067223906517,"y":-0.9020341634750366,"z":0.4251127243041992,"w":-0.06922094523906708},"size":4.541142463684082,"orthographic":true}